DATE,PI,W209RC1,A048RC1,PIROA,PCTR,A061RC1,W055RC1,DSPI,DSPIC96,A041RC1
1959-01-01,391.8,278.0,15.0,38.4,23.9,13.6,40.2,351.5,2191.5,50.1
1959-02-01,393.7,279.3,15.0,38.9,24.1,13.6,40.8,352.9,2198.1,50.0
1959-03-01,396.5,281.9,15.0,39.2,24.0,13.7,41.3,355.2,2210.7,50.2
1959-04-01,399.9,284.4,15.4,39.7,24.0,13.8,41.7,358.2,2225.0,50.2
1959-05-01,402.4,286.6,15.4,40.1,23.8,13.9,42.1,360.3,2237.1,50.3
1959-06-01,404.8,288.3,15.4,40.6,24.0,14.0,42.2,362.6,2244.6,50.5
1959-07-01,405.4,288.2,15.8,40.9,24.1,14.0,42.7,362.8,2241.0,50.5
1959-08-01,403.7,286.2,15.8,41.4,24.0,13.8,42.6,361.2,2227.9,50.1
1959-09-01,405.1,286.4,15.8,41.8,24.4,13.8,42.8,362.3,2228.8,50.4
1959-10-01,406.6,287.2,16.0,42.2,24.5,13.8,43.2,363.4,2230.4,50.4
1959-11-01,409.9,289.5,16.0,42.5,25.1,13.9,43.7,366.3,2246.5,50.7
1959-12-01,414.6,293.9,16.0,43.1,24.9,14.1,44.4,370.2,2268.3,50.7
1960-01-01,415.7,297.9,16.2,43.6,24.4,16.4,44.9,370.8,2273.2,50.0
1960-02-01,416.6,298.8,16.2,43.7,24.5,16.4,45.3,371.3,2273.6,49.7
1960-03-01,417.6,299.5,16.2,43.9,25.0,16.4,45.7,371.9,2276.3,49.5
1960-04-01,420.6,301.2,16.4,43.9,25.1,16.5,45.9,374.7,2285.0,50.5
1960-05-01,422.1,302.0,16.4,44.1,25.2,16.4,46.1,376.0,2290.1,50.8
1960-06-01,422.6,302.0,16.4,44.3,25.6,16.5,46.1,376.5,2292.2,50.8
1960-07-01,424.1,302.9,16.5,44.6,25.6,16.5,46.3,377.7,2295.9,50.9
1960-08-01,424.1,302.4,16.5,44.9,26.0,16.5,46.6,377.5,2290.6,50.9
1960-09-01,424.9,302.5,16.5,45.1,26.5,16.5,46.6,378.3,2293.9,50.8
1960-10-01,426.7,303.6,16.7,45.3,26.5,16.5,46.6,380.1,2302.3,51.1
1960-11-01,426.3,302.5,16.7,45.4,27.1,16.4,46.5,379.8,2292.8,51.0
1960-12-01,424.4,300.2,16.7,45.3,27.5,16.2,46.2,378.2,2282.4,51.0
1961-01-01,428.3,302.7,16.9,45.5,27.8,16.8,46.4,381.9,2304.5,52.1
1961-02-01,430.3,302.8,16.9,45.7,29.4,16.8,46.5,383.8,2314.1,52.3
1961-03-01,431.9,303.9,16.9,45.9,29.2,16.7,46.6,385.2,2323.9,52.6
1961-04-01,432.5,305.1,17.1,46.2,28.8,16.8,46.7,385.8,2328.6,52.3
1961-05-01,436.1,307.1,17.1,46.5,29.7,16.9,47.0,389.2,2347.6,52.6
1961-06-01,440.5,309.8,17.1,46.9,30.6,17.0,47.1,393.3,2371.7,53.1
1961-07-01,442.7,311.1,17.3,47.3,30.9,17.0,47.1,395.5,2379.8,53.1
1961-08-01,443.3,312.7,17.3,47.6,29.5,17.1,47.4,395.9,2379.9,53.3
1961-09-01,444.3,313.2,17.3,48.2,29.2,17.1,47.7,396.7,2382.0,53.5
1961-10-01,448.7,316.2,17.5,48.9,29.2,17.2,47.9,400.8,2407.2,54.1
1961-11-01,452.7,319.4,17.5,49.3,29.3,17.4,48.2,404.6,2429.5,54.6
1961-12-01,455.6,321.2,17.5,49.7,29.7,17.4,48.4,407.1,2444.3,54.8
1962-01-01,456.0,322.8,17.7,49.2,29.9,18.8,49.1,406.9,2438.2,55.1
1962-02-01,459.1,325.3,17.7,49.7,29.9,18.8,49.3,409.8,2449.1,55.3
1962-03-01,462.9,328.3,17.7,50.1,30.2,19.0,49.8,413.1,2465.4,55.5
1962-04-01,465.8,330.8,18.0,51.0,29.9,19.1,50.4,415.4,2476.3,55.2
1962-05-01,466.8,331.4,18.0,51.5,30.0,19.1,50.9,415.9,2477.7,55.1
1962-06-01,467.7,332.1,17.9,52.0,30.1,19.1,51.5,416.2,2478.1,54.6
1962-07-01,469.7,333.2,18.2,52.5,30.3,19.2,51.9,417.8,2488.9,54.7
1962-08-01,471.1,333.7,18.2,53.0,30.6,19.2,52.3,418.8,2491.3,54.8
1962-09-01,473.7,335.8,18.1,53.5,30.4,19.3,52.7,421.0,2492.0,55.1
1962-10-01,475.7,336.0,18.3,53.8,31.4,19.2,53.1,422.6,2504.3,55.3
1962-11-01,477.8,337.9,18.3,53.9,31.1,19.3,53.7,424.1,2511.2,55.9
1962-12-01,479.8,339.1,18.3,54.7,31.0,19.3,53.9,425.9,2522.9,56.1
1963-01-01,484.0,341.0,18.5,54.5,35.1,21.3,54.0,430.0,2541.1,56.2
1963-02-01,481.9,342.6,18.5,54.8,31.4,21.3,54.0,427.9,2526.1,55.9
1963-03-01,483.7,344.4,18.5,54.9,31.5,21.4,54.3,429.4,2536.8,55.8
1963-04-01,485.0,345.1,18.7,55.3,31.5,21.5,53.9,431.1,2547.1,55.8
1963-05-01,487.9,347.3,18.7,55.9,31.8,21.5,54.4,433.5,2556.9,55.7
1963-06-01,491.3,350.2,18.7,56.5,31.8,21.7,54.6,436.6,2569.8,55.8
1963-07-01,492.5,350.7,18.8,56.9,31.8,21.7,54.5,438.0,2572.6,55.9
1963-08-01,494.9,352.4,18.8,57.2,32.0,21.7,54.6,440.3,2582.9,56.2
1963-09-01,498.2,354.8,18.8,57.7,32.1,21.9,54.6,443.5,2602.3,56.6
1963-10-01,501.9,357.0,18.8,58.2,32.3,22.0,54.9,447.0,2617.3,57.4
1963-11-01,503.6,358.1,18.8,58.8,32.3,22.0,55.1,448.5,2622.9,57.5
1963-12-01,508.4,361.1,18.8,59.7,33.0,22.2,55.6,452.8,2644.0,57.9
1964-01-01,511.3,361.6,18.8,60.1,34.9,21.9,56.0,455.3,2652.8,57.7
1964-02-01,514.1,366.0,18.8,60.7,32.8,22.1,56.7,457.4,2661.2,57.9
1964-03-01,517.0,368.0,18.8,61.2,33.0,22.1,48.5,468.5,2724.4,58.1
1964-04-01,520.6,370.4,18.8,61.7,33.2,22.2,49.2,471.4,2739.1,58.7
1964-05-01,523.8,372.8,18.8,62.4,33.2,22.3,49.8,473.9,2753.5,58.8
1964-06-01,526.3,374.7,18.8,63.1,33.2,22.3,50.2,476.2,2762.6,58.9
1964-07-01,529.9,377.4,18.9,63.6,33.5,22.4,50.9,479.0,2775.7,58.9
1964-08-01,533.3,380.4,18.9,63.9,33.4,22.5,51.7,481.5,2788.0,59.2
1964-09-01,536.3,382.3,18.9,64.5,33.6,22.6,52.1,484.2,2799.1,59.7
1964-10-01,536.9,382.3,18.8,64.8,33.6,22.5,52.6,484.3,2798.2,59.9
1964-11-01,541.3,385.9,18.8,65.4,33.5,22.8,53.2,488.1,2816.3,60.5
1964-12-01,547.5,390.1,18.8,66.2,34.1,22.9,53.9,493.5,2843.4,61.2
1965-01-01,551.5,390.7,19.1,66.4,36.6,22.8,56.5,495.0,2848.9,61.5
1965-02-01,552.0,393.0,19.1,66.9,34.2,22.9,56.7,495.4,2849.6,61.9
1965-03-01,555.4,395.1,19.1,67.3,34.3,23.0,57.8,497.7,2859.1,62.5
1965-04-01,558.6,396.9,19.3,68.0,34.7,23.1,59.6,499.0,2862.1,62.8
1965-05-01,562.9,400.5,19.3,68.6,34.5,23.3,57.3,505.6,2893.8,63.2
1965-06-01,566.2,402.4,19.3,69.6,34.7,23.3,58.4,507.8,2898.0,63.5
1965-07-01,570.4,405.5,19.5,70.0,34.9,23.4,56.9,513.5,2928.3,63.9
1965-08-01,572.9,408.3,19.5,70.4,34.5,23.6,56.8,516.2,2942.8,63.8
1965-09-01,587.2,411.3,19.5,71.0,45.0,23.7,57.3,529.9,3019.7,64.1
1965-10-01,584.9,416.8,19.5,71.3,36.4,23.9,57.4,527.5,3004.9,64.7
1965-11-01,590.2,420.4,19.5,71.8,37.0,24.0,58.1,532.1,3026.2,65.6
1965-12-01,595.5,424.1,19.5,72.4,37.3,24.2,59.3,536.3,3038.7,66.4
1966-01-01,597.7,429.0,19.8,72.9,37.6,30.2,60.5,537.2,3040.7,68.6
1966-02-01,603.1,433.3,19.8,73.3,37.9,30.4,61.4,541.7,3053.4,69.2
1966-03-01,607.9,437.0,19.8,73.6,38.1,30.5,62.7,545.2,3065.4,69.9
1966-04-01,609.5,440.9,19.8,74.0,37.9,30.7,64.5,545.0,3053.7,67.6
1966-05-01,612.2,444.0,19.8,74.4,38.0,30.8,65.7,546.5,3058.6,66.9
1966-06-01,616.7,448.4,19.8,74.8,37.8,31.0,66.6,550.2,3071.4,67.0
1966-07-01,620.4,452.6,20.0,74.9,37.7,31.8,67.3,553.1,3081.9,66.9
1966-08-01,625.9,455.9,20.0,75.4,39.4,31.9,67.8,558.1,3097.8,67.2
1966-09-01,631.7,458.5,20.0,76.1,41.7,32.0,68.5,563.2,3116.2,67.4
1966-10-01,636.0,461.7,20.0,76.8,41.9,32.1,69.5,566.5,3126.3,67.7
1966-11-01,640.9,464.0,20.0,77.4,43.5,32.2,70.9,570.0,3140.7,68.2
1966-12-01,642.0,465.7,20.0,76.0,44.1,32.3,71.3,570.7,3138.0,68.5
1967-01-01,648.0,469.2,20.3,78.2,44.9,33.6,71.5,576.6,3170.2,69.1
1967-02-01,649.6,469.4,20.3,78.9,45.9,33.6,71.2,578.4,3176.3,68.8
1967-03-01,653.9,471.5,20.3,79.6,47.5,33.7,70.8,583.0,3200.2,68.8
1967-04-01,654.4,473.5,20.4,80.1,46.9,34.4,70.6,583.8,3199.2,68.1
1967-05-01,656.9,474.7,20.4,80.6,47.2,34.5,70.8,586.1,3205.7,68.5
1967-06-01,661.6,478.7,20.4,80.8,47.6,34.8,71.4,590.2,3217.5,69.0
1967-07-01,667.2,481.9,20.4,81.4,48.4,35.0,72.7,594.5,3230.4,70.1
1967-08-01,672.5,485.8,20.4,82.0,49.0,35.3,74.0,598.5,3242.0,70.6
1967-09-01,675.0,488.1,20.4,82.3,48.8,35.4,74.8,600.2,3241.6,70.8
1967-10-01,677.8,490.6,20.3,82.9,49.6,35.6,75.0,602.8,3246.6,69.9
1967-11-01,684.4,496.7,20.3,83.3,50.1,36.0,75.9,608.5,3266.2,69.9
1967-12-01,687.4,501.4,20.3,81.6,50.4,36.5,76.8,610.5,3272.1,70.2
1968-01-01,694.3,504.9,20.1,84.4,51.3,37.3,77.7,616.7,3289.7,71.0
1968-02-01,702.5,511.9,20.1,85.0,51.5,37.6,78.8,623.6,3313.5,71.6
1968-03-01,710.8,515.8,20.1,85.8,54.5,37.9,79.2,631.6,3344.8,72.5
1968-04-01,716.2,519.0,20.1,86.8,55.9,38.2,80.5,635.7,3356.4,72.6
1968-05-01,722.6,524.3,20.1,87.7,55.8,38.5,81.9,640.7,3370.1,73.2
1968-06-01,728.3,528.7,20.1,88.4,56.1,38.6,82.6,645.6,3385.3,73.7
1968-07-01,735.0,533.5,20.2,89.1,56.6,38.9,88.7,646.3,3378.3,74.5
1968-08-01,741.4,537.6,20.2,90.0,57.7,39.1,91.6,649.8,3382.7,75.0
1968-09-01,747.4,542.4,20.2,90.9,57.8,39.2,95.3,652.1,3383.1,75.4
1968-10-01,752.0,545.9,20.0,91.7,58.3,39.4,94.7,657.3,3395.1,75.5
1968-11-01,758.0,550.8,20.0,92.8,58.7,39.8,96.0,662.0,3407.8,75.4
1968-12-01,762.6,554.3,20.0,93.6,59.1,39.9,96.9,665.7,3419.6,75.6
1969-01-01,766.3,558.5,20.2,95.2,59.8,42.7,99.2,667.1,3413.4,75.2
1969-02-01,771.8,561.9,20.2,96.2,60.6,42.9,102.9,668.9,3414.2,75.7
1969-03-01,779.0,567.9,20.2,97.2,60.9,43.2,105.7,673.3,3420.3,75.9
1969-04-01,784.3,571.8,20.3,97.7,61.2,43.4,109.0,675.3,3415.3,76.7
1969-05-01,790.5,576.6,20.3,98.5,61.6,43.7,104.8,685.7,3454.2,77.2
1969-06-01,797.1,581.7,20.3,99.8,61.8,44.0,103.2,693.9,3478.5,77.5
1969-07-01,805.0,588.5,20.4,100.4,62.4,44.4,103.2,701.8,3502.8,77.6
1969-08-01,812.2,593.8,20.4,101.4,63.0,44.6,104.1,708.1,3524.2,78.2
1969-09-01,817.7,598.0,20.4,102.7,63.3,44.9,105.1,712.6,3532.1,78.1
1969-10-01,822.0,601.4,20.4,103.9,63.9,45.1,105.3,716.7,3540.4,77.5
1969-11-01,826.4,604.9,20.4,105.0,64.2,45.3,105.3,721.0,3546.5,77.1
1969-12-01,831.9,608.5,20.4,106.2,64.9,45.4,106.2,725.7,3552.9,77.3
1970-01-01,836.4,611.4,20.4,108.2,65.3,45.9,104.2,732.1,3571.8,77.0
1970-02-01,841.8,614.6,20.4,109.1,66.3,45.9,104.4,737.4,3583.0,77.3
1970-03-01,847.1,618.8,20.4,110.3,66.7,46.2,105.1,742.0,3596.8,77.0
1970-04-01,859.9,617.4,20.2,111.6,80.2,46.2,106.1,753.8,3635.5,76.6
1970-05-01,857.7,619.9,20.2,113.1,73.8,46.3,104.5,753.1,3620.7,76.9
1970-06-01,862.6,623.4,20.2,114.4,74.2,46.3,105.9,756.6,3628.1,76.6
1970-07-01,870.6,627.0,20.9,116.3,75.1,46.8,100.4,770.2,3679.6,78.0
1970-08-01,875.1,629.0,20.9,117.5,76.0,46.7,100.4,774.6,3691.3,78.4
1970-09-01,878.4,628.6,20.9,118.7,77.9,46.6,101.1,777.3,3687.3,79.0
1970-10-01,879.7,627.1,21.2,119.4,79.8,46.4,101.1,778.6,3675.4,78.6
1970-11-01,882.3,628.7,21.2,120.3,79.6,46.4,101.8,780.5,3669.8,78.9
1970-12-01,889.2,634.3,21.2,120.3,80.9,46.7,101.7,787.5,3686.5,79.3
1971-01-01,898.8,644.5,21.1,122.4,81.0,50.3,97.5,801.3,3743.1,80.2
1971-02-01,903.2,647.8,21.1,122.8,82.1,50.4,98.5,804.7,3748.2,79.8
1971-03-01,909.0,651.4,21.1,123.1,83.0,50.6,99.0,810.0,3760.5,81.0
1971-04-01,915.0,655.0,21.7,123.6,83.5,50.8,100.2,814.9,3768.3,82.1
1971-05-01,922.4,660.8,21.7,124.2,84.0,51.1,100.8,821.6,3783.5,82.9
1971-06-01,943.8,663.6,21.7,124.8,101.3,51.2,101.2,842.6,3863.6,83.6
1971-07-01,934.8,665.7,22.0,125.5,88.7,51.1,101.7,833.2,3808.6,84.0
1971-08-01,940.8,670.3,22.0,126.1,89.0,51.3,102.3,838.5,3822.0,84.5
1971-09-01,947.7,674.3,22.0,126.6,91.0,51.5,103.0,844.7,3844.7,85.2
1971-10-01,951.8,676.6,22.5,127.1,90.2,51.5,103.1,848.8,3857.1,87.0
1971-11-01,958.6,680.1,22.5,127.9,91.7,51.7,106.1,852.5,3866.2,88.2
1971-12-01,967.4,689.9,22.5,127.2,91.8,52.4,107.2,860.2,3885.9,88.5
1972-01-01,976.1,700.8,23.1,130.1,91.9,57.5,116.7,859.4,3866.2,87.8
1972-02-01,987.9,709.5,23.1,131.0,95.3,58.4,119.9,868.0,3889.9,87.4
1972-03-01,995.6,714.8,23.1,131.8,95.8,58.5,122.7,872.9,3906.2,88.5
1972-04-01,998.5,718.4,20.2,132.8,94.4,58.6,124.6,873.9,3904.5,91.3
1972-05-01,1004.9,722.1,20.2,134.2,95.1,58.8,122.7,882.2,3933.2,92.2
1972-06-01,1009.2,726.9,20.2,135.4,95.2,59.0,122.9,886.4,3945.7,90.5
1972-07-01,1019.0,728.9,23.9,137.1,95.8,59.6,123.0,896.0,3974.4,93.0
1972-08-01,1031.4,736.0,23.9,138.5,96.2,59.3,124.4,907.0,4011.3,96.1
1972-09-01,1040.0,742.3,23.9,139.7,96.1,59.5,125.4,914.6,4026.8,97.4
1972-10-01,1065.1,752.6,23.8,141.4,104.2,60.0,126.6,938.6,4127.9,103.2
1972-11-01,1079.2,758.4,23.8,142.8,108.2,60.4,127.3,951.8,4173.7,106.5
1972-12-01,1086.6,765.3,23.8,144.3,106.8,60.7,127.5,959.2,4192.4,107.2
1973-01-01,1085.6,777.8,23.5,145.0,108.0,73.2,128.5,957.1,4170.5,104.4
1973-02-01,1095.3,786.4,23.5,146.6,108.8,73.7,126.0,969.3,4201.5,103.8
1973-03-01,1104.4,792.0,23.5,148.3,110.4,74.0,124.7,979.7,4216.8,104.2
1973-04-01,1114.7,797.8,23.3,149.8,110.3,74.4,126.4,988.3,4222.3,107.8
1973-05-01,1125.1,802.9,23.3,151.5,112.1,74.7,130.1,995.0,4230.1,110.1
1973-06-01,1134.7,809.0,23.3,153.6,112.0,75.1,131.0,1003.7,4242.6,111.9
1973-07-01,1142.2,815.5,22.3,156.5,111.7,75.7,132.4,1009.8,4252.8,111.9
1973-08-01,1152.0,819.3,22.3,158.9,113.7,76.0,133.8,1018.1,4239.0,113.7
1973-09-01,1163.4,826.5,22.3,160.8,114.5,76.5,136.0,1027.4,4260.6,115.7
1973-10-01,1180.2,834.2,23.3,162.4,115.6,77.0,137.9,1042.3,4298.1,121.8
1973-11-01,1192.6,843.0,23.3,164.3,116.8,77.7,140.1,1052.5,4304.9,123.0
1973-12-01,1199.2,847.9,23.3,167.0,117.0,77.9,141.9,1057.3,4288.9,121.8
1974-01-01,1200.4,853.3,23.5,168.3,120.8,82.8,140.7,1059.6,4257.6,117.3
1974-02-01,1207.1,858.6,23.5,170.3,121.9,83.1,143.2,1063.9,4225.5,115.8
1974-03-01,1213.1,863.1,23.5,172.7,122.9,83.4,144.5,1068.6,4195.4,114.1
1974-04-01,1220.9,868.6,22.9,175.3,128.5,83.9,145.6,1075.3,4192.4,109.5
1974-05-01,1234.1,879.3,22.9,177.7,130.2,84.8,149.2,1084.8,4188.2,108.8
1974-06-01,1243.7,887.6,22.9,180.0,131.0,85.4,151.9,1091.8,4179.7,107.6
1974-07-01,1257.8,892.7,23.3,181.8,136.0,86.1,153.8,1104.1,4195.7,110.2
1974-08-01,1268.8,900.0,23.3,183.8,136.9,86.3,154.8,1114.1,4190.0,111.1
1974-09-01,1280.7,907.9,23.3,186.1,138.4,86.7,156.2,1124.5,4185.7,111.7
1974-10-01,1294.0,915.6,23.0,188.4,141.1,87.2,157.8,1136.2,4199.5,113.0
1974-11-01,1296.0,911.8,23.0,190.5,143.5,86.3,157.3,1138.6,4177.1,113.4
1974-12-01,1305.4,914.1,23.0,192.3,148.2,86.2,157.7,1147.8,4177.8,114.0
1975-01-01,1312.3,917.5,22.7,194.9,151.6,87.9,158.1,1154.2,4175.7,113.6
1975-02-01,1318.8,916.7,22.7,196.5,157.2,87.4,157.7,1161.1,4178.2,113.1
1975-03-01,1324.2,920.9,22.7,197.8,158.8,87.5,158.2,1166.0,4182.0,111.5
1975-04-01,1330.3,922.6,22.4,197.6,162.4,87.5,139.0,1191.4,4258.5,112.8
1975-05-01,1343.8,931.7,22.4,198.5,165.0,88.1,78.7,1265.1,4504.4,114.3
1975-06-01,1375.8,939.2,22.4,199.5,187.2,88.5,145.6,1230.2,4352.9,115.9
1975-07-01,1372.3,944.6,22.2,201.1,174.0,88.9,150.6,1221.6,4285.8,119.2
1975-08-01,1388.5,958.4,22.2,202.4,174.9,89.9,153.4,1235.1,4314.3,120.5
1975-09-01,1398.7,965.0,22.2,204.0,175.6,90.5,154.4,1244.2,4324.8,122.4
1975-10-01,1413.4,974.8,21.9,205.7,177.9,91.2,156.7,1256.7,4342.9,124.3
1975-11-01,1422.4,983.8,21.9,207.0,176.3,91.8,158.6,1263.8,4339.7,125.3
1975-12-01,1432.3,991.5,21.9,206.7,178.8,92.5,160.3,1272.0,4343.8,126.0
1976-01-01,1447.2,1008.0,21.9,208.7,181.9,98.5,162.0,1285.2,4372.0,125.3
1976-02-01,1457.5,1015.4,21.7,210.8,182.2,99.0,162.7,1294.9,4399.1,126.4
1976-03-01,1463.6,1020.7,21.3,212.1,181.2,99.4,162.8,1300.7,4412.2,127.6
1976-04-01,1472.5,1028.6,20.8,214.9,180.3,99.9,167.1,1305.4,4418.0,127.9
1976-05-01,1481.2,1037.0,20.4,217.2,178.9,100.6,169.6,1311.7,4418.0,128.3
1976-06-01,1489.9,1040.9,20.2,219.0,180.9,100.8,171.3,1318.7,4422.3,129.7
1976-07-01,1506.7,1049.1,20.1,220.9,186.6,101.6,173.8,1332.9,4447.6,131.6
1976-08-01,1519.3,1059.5,20.0,222.8,186.7,102.3,176.3,1343.0,4456.6,132.4
1976-09-01,1529.2,1066.5,19.9,224.6,186.9,102.7,178.3,1350.8,4457.5,134.0
1976-10-01,1536.7,1073.2,19.7,226.6,186.3,102.8,181.1,1355.5,4449.8,133.7
1976-11-01,1557.2,1085.9,19.2,229.4,189.5,103.9,183.2,1374.0,4489.8,137.1
1976-12-01,1570.7,1095.3,18.4,233.0,190.7,104.5,183.8,1386.9,4506.9,137.8
1977-01-01,1572.2,1100.2,17.1,235.4,189.4,108.2,180.0,1392.2,4497.9,138.2
1977-02-01,1589.6,1114.0,16.3,239.2,191.0,109.4,198.9,1390.7,4458.1,138.5
1977-03-01,1604.7,1125.6,15.9,241.8,192.5,110.3,187.4,1417.2,4520.6,139.1
1977-04-01,1620.9,1137.1,16.3,244.6,193.4,111.1,193.3,1427.7,4527.5,140.6
1977-05-01,1633.2,1151.1,16.4,246.0,190.9,112.2,198.1,1435.2,4528.4,141.0
1977-06-01,1644.9,1162.6,16.3,249.1,189.9,113.0,195.7,1449.2,4547.3,140.0
1977-07-01,1662.6,1172.7,15.9,252.3,194.5,113.8,196.5,1466.1,4576.6,140.9
1977-08-01,1676.9,1180.1,15.6,255.4,197.9,114.1,198.0,1478.9,4595.2,142.0
1977-09-01,1693.7,1193.6,15.3,258.6,197.3,115.1,201.2,1492.6,4620.3,144.1
1977-10-01,1716.3,1208.7,15.0,262.4,195.7,116.2,205.9,1510.4,4653.9,150.6
1977-11-01,1739.8,1218.1,15.0,265.5,200.9,116.8,208.6,1531.2,4691.1,157.1
1977-12-01,1756.0,1226.1,15.3,268.5,201.4,117.0,210.9,1545.0,4710.8,161.8
1978-01-01,1760.1,1236.6,15.8,270.7,202.4,122.4,212.7,1547.4,4690.4,157.0
1978-02-01,1776.2,1249.2,16.0,273.3,203.0,123.7,212.4,1563.8,4718.4,158.5
1978-03-01,1797.9,1267.0,15.9,276.0,204.6,125.6,210.8,1587.1,4757.6,160.0
1978-04-01,1821.9,1287.6,15.5,278.6,203.7,127.8,217.3,1604.6,4774.1,164.3
1978-05-01,1837.0,1296.8,15.5,281.1,206.6,128.8,222.0,1615.1,4771.0,165.8
1978-06-01,1855.8,1313.1,15.9,284.1,205.1,130.6,230.0,1625.7,4771.3,168.2
1978-07-01,1876.2,1325.4,16.7,286.5,212.8,132.0,233.4,1642.8,4795.2,166.7
1978-08-01,1894.2,1335.9,17.2,289.8,214.8,133.3,236.1,1658.1,4815.4,169.7
1978-09-01,1907.5,1349.3,17.5,292.9,214.0,134.8,239.4,1668.0,4816.9,168.6
1978-10-01,1929.7,1367.2,17.5,295.9,215.3,137.0,243.8,1685.8,4829.9,170.9
1978-11-01,1944.0,1379.3,17.5,298.8,217.7,138.6,247.0,1697.0,4834.2,169.3
1978-12-01,1964.2,1394.0,17.6,302.0,218.6,140.6,250.8,1713.4,4858.3,172.6
1979-01-01,1985.7,1407.7,17.6,305.4,222.6,144.0,251.0,1734.7,4881.8,176.4
1979-02-01,2004.3,1421.4,17.4,308.9,221.6,145.9,253.2,1751.1,4901.6,181.0
1979-03-01,2026.1,1438.5,16.8,312.1,224.0,148.1,256.6,1769.5,4914.7,182.8
1979-04-01,2030.9,1440.5,16.1,315.0,227.7,148.5,257.5,1773.4,4874.6,180.2
1979-05-01,2044.8,1453.5,15.5,318.8,228.3,150.2,261.4,1783.4,4851.9,178.9
1979-06-01,2060.5,1470.3,15.3,322.6,226.2,152.2,267.1,1793.4,4839.3,178.4
1979-07-01,2091.9,1484.6,15.2,325.2,241.5,154.0,271.7,1820.2,4874.3,179.4
1979-08-01,2111.1,1495.6,15.3,330.0,243.4,155.2,274.5,1836.7,4881.1,181.9
1979-09-01,2129.5,1509.9,15.6,335.9,244.0,156.9,278.3,1851.2,4876.5,180.9
1979-10-01,2146.8,1519.9,16.0,343.0,246.5,157.8,281.6,1865.2,4873.6,179.2
1979-11-01,2168.4,1534.6,16.2,350.3,249.1,159.3,285.1,1883.3,4886.8,177.7
1979-12-01,2191.9,1550.3,16.1,358.0,251.9,160.9,288.9,1903.0,4896.6,176.5
1980-01-01,2217.7,1558.9,15.7,371.2,259.9,161.0,281.5,1936.3,4930.4,173.0
1980-02-01,2231.4,1572.9,15.6,377.6,260.1,162.1,284.6,1946.8,4904.0,167.2
1980-03-01,2246.7,1588.9,16.0,383.8,258.2,162.8,288.4,1958.3,4873.2,162.5
1980-04-01,2255.8,1595.0,16.6,387.0,260.9,162.3,289.4,1966.3,4867.9,158.5
1980-05-01,2266.3,1596.1,17.0,391.4,264.4,162.6,292.0,1974.3,4850.1,159.9
1980-06-01,2286.3,1606.4,17.7,395.2,268.3,163.8,295.1,1991.1,4860.6,162.5
1980-07-01,2321.4,1610.5,18.5,392.4,294.5,164.8,297.2,2024.3,4903.4,170.4
1980-08-01,2345.9,1629.9,19.8,396.5,294.6,167.2,302.5,2043.4,4908.7,172.4
1980-09-01,2378.1,1645.4,21.3,402.2,300.6,168.8,306.9,2071.2,4930.0,177.4
1980-10-01,2418.1,1668.4,22.6,415.0,299.5,171.1,313.8,2104.3,4968.9,183.7
1980-11-01,2444.0,1689.8,23.2,422.0,297.7,173.2,319.2,2124.7,4976.5,184.4
1980-12-01,2472.0,1704.7,23.6,428.7,302.8,174.7,323.5,2148.5,4999.8,186.9
1981-01-01,2488.0,1728.2,24.0,432.5,303.5,188.7,327.2,2160.8,4980.4,188.5
1981-02-01,2506.5,1738.2,24.0,440.2,306.1,189.7,330.5,2175.9,4965.0,187.6
1981-03-01,2532.2,1752.5,23.9,448.8,309.8,191.2,334.9,2197.3,4979.0,188.5
1981-04-01,2538.8,1763.7,23.6,458.0,308.3,192.4,338.1,2200.7,4965.1,177.6
1981-05-01,2558.1,1773.1,23.3,468.7,310.2,193.4,343.2,2214.9,4974.8,176.1
1981-06-01,2582.5,1787.4,23.1,480.2,311.3,195.0,346.7,2235.8,5001.9,175.5
1981-07-01,2637.2,1800.7,22.8,499.4,328.0,196.8,352.3,2284.8,5080.8,183.0
1981-08-01,2663.9,1819.1,23.0,508.9,328.6,198.8,357.9,2305.9,5095.9,183.1
1981-09-01,2676.3,1825.4,23.5,517.3,328.9,199.5,360.4,2315.9,5087.2,180.7
1981-10-01,2678.6,1834.8,24.4,518.7,328.4,200.4,349.2,2329.4,5093.8,172.6
1981-11-01,2696.3,1843.4,24.9,525.4,332.0,201.3,353.1,2343.3,5096.9,172.0
1981-12-01,2703.1,1843.8,24.9,531.9,332.8,201.3,355.7,2347.4,5090.2,171.0
1982-01-01,2713.1,1856.3,24.4,538.7,333.5,205.1,348.7,2364.4,5096.9,165.3
1982-02-01,2732.7,1867.5,23.7,544.2,337.2,206.4,354.7,2377.9,5110.8,166.5
1982-03-01,2737.8,1870.2,22.6,549.5,338.2,206.6,354.1,2383.6,5110.0,163.8
1982-04-01,2758.1,1872.6,21.1,557.3,343.6,206.7,349.6,2408.4,5160.6,170.2
1982-05-01,2774.1,1887.6,20.7,560.4,344.8,208.4,361.6,2412.5,5139.0,169.1
1982-06-01,2784.7,1892.9,21.4,562.1,348.2,209.0,368.0,2416.7,5110.7,169.0
1982-07-01,2801.1,1900.2,23.1,559.9,359.5,210.0,348.2,2452.9,5157.0,168.3
1982-08-01,2815.0,1907.6,24.5,560.8,361.1,210.7,350.8,2464.2,5164.7,171.7
1982-09-01,2821.3,1906.5,25.5,561.7,365.9,210.3,351.4,2469.9,5162.4,172.1
1982-10-01,2834.9,1910.7,26.1,561.1,370.9,210.5,354.1,2480.8,5156.3,176.7
1982-11-01,2854.0,1915.8,26.4,563.0,381.0,210.9,356.2,2497.7,5176.1,178.7
1982-12-01,2872.6,1928.0,26.4,565.5,381.8,212.2,359.4,2513.1,5200.2,183.0
1983-01-01,2882.2,1944.9,26.1,570.9,377.5,218.9,349.1,2533.1,5217.2,181.8
1983-02-01,2888.8,1941.7,25.8,574.3,380.1,218.2,350.7,2538.1,5218.8,185.1
1983-03-01,2906.2,1955.0,25.4,577.9,384.6,219.6,352.9,2553.3,5243.3,182.9
1983-04-01,2921.6,1969.5,25.1,578.7,384.6,221.1,351.2,2570.4,5254.4,184.8
1983-05-01,2944.8,1987.2,24.8,584.2,388.9,223.0,362.1,2582.8,5264.8,182.8
1983-06-01,2959.8,2002.2,24.4,590.4,387.2,224.7,365.4,2594.4,5268.9,180.3
1983-07-01,2985.0,2020.3,24.0,601.8,382.6,226.6,343.1,2642.0,5335.3,182.9
1983-08-01,2993.7,2024.6,23.7,609.2,382.9,227.1,345.3,2648.3,5325.3,180.3
1983-09-01,3024.9,2044.0,23.5,616.5,381.9,229.2,347.9,2677.0,5364.1,188.1
1983-10-01,3059.3,2075.6,23.5,623.9,380.9,233.0,353.6,2705.8,5412.5,188.5
1983-11-01,3088.5,2084.1,23.5,630.4,388.8,233.9,355.2,2733.3,5459.7,195.7
1983-12-01,3117.9,2100.8,23.5,636.4,391.4,235.9,358.2,2759.7,5509.4,201.8
1984-01-01,3142.7,2129.5,23.6,638.2,392.9,247.8,357.9,2784.7,5535.1,206.3
1984-02-01,3182.1,2143.6,23.3,644.8,393.2,249.4,361.8,2820.3,5568.2,226.7
1984-03-01,3212.1,2158.4,22.7,653.7,395.6,251.2,363.7,2848.3,5605.1,232.8
1984-04-01,3245.1,2183.8,21.8,662.7,398.1,254.3,366.3,2878.9,5643.8,233.0
1984-05-01,3256.6,2190.1,21.5,671.6,397.8,254.7,369.6,2887.0,5652.5,230.4
1984-06-01,3286.9,2211.5,21.9,680.0,398.9,257.4,375.5,2911.4,5690.2,231.9
1984-07-01,3306.1,2228.9,22.8,689.3,399.3,259.2,380.6,2925.6,5697.4,225.0
1984-08-01,3338.0,2237.7,24.3,698.0,402.4,260.0,383.4,2954.6,5736.2,235.6
1984-09-01,3368.0,2258.2,26.2,708.1,401.3,262.3,388.4,2979.6,5777.0,236.5
1984-10-01,3366.0,2263.0,28.6,707.3,404.9,262.4,390.5,2975.5,5755.4,224.6
1984-11-01,3388.3,2282.5,29.7,707.2,406.7,264.4,395.8,2992.5,5780.3,226.7
1984-12-01,3420.7,2303.2,29.5,708.6,416.5,266.6,401.5,3019.2,5815.5,229.5
1985-01-01,3433.9,2307.5,28.0,714.3,417.9,272.7,400.6,3033.3,5813.6,238.9
1985-02-01,3452.3,2318.9,26.8,718.5,420.1,273.7,433.1,3019.2,5759.7,241.7
1985-03-01,3480.0,2344.2,25.9,723.1,422.1,276.6,463.1,3016.9,5733.0,241.4
1985-04-01,3478.1,2345.5,25.2,722.9,422.3,276.2,406.7,3071.4,5828.1,238.5
1985-05-01,3493.4,2361.6,25.1,723.9,422.5,278.0,339.7,3153.7,5970.2,238.3
1985-06-01,3514.9,2383.9,25.6,724.4,423.0,280.7,419.1,3095.8,5844.8,238.7
1985-07-01,3528.4,2388.0,26.7,723.2,430.0,281.0,418.3,3110.0,5857.2,241.3
1985-08-01,3539.5,2405.7,27.2,723.2,425.7,283.1,421.5,3118.0,5852.9,240.7
1985-09-01,3561.4,2425.5,27.2,726.0,428.1,285.6,424.7,3136.6,5877.9,240.1
1985-10-01,3584.0,2439.9,26.6,730.9,429.4,287.5,426.6,3157.4,5907.0,244.7
1985-11-01,3599.5,2449.8,25.7,737.5,430.9,288.8,428.1,3171.4,5915.8,244.4
1985-12-01,3633.1,2477.4,24.4,747.6,432.4,292.6,432.1,3201.1,5951.1,243.8
1986-01-01,3647.0,2477.3,22.8,755.1,441.4,294.7,425.4,3221.5,5961.6,245.1
1986-02-01,3664.7,2488.5,21.8,763.1,442.5,296.3,426.5,3238.2,5992.4,245.1
1986-03-01,3691.2,2507.5,21.5,768.8,445.8,299.1,427.0,3264.2,6053.6,246.7
1986-04-01,3696.1,2505.6,21.8,770.5,446.6,298.8,426.1,3269.9,6076.8,250.6
1986-05-01,3707.3,2516.2,21.3,769.9,449.3,300.3,428.1,3279.2,6082.8,251.0
1986-06-01,3722.9,2529.9,20.1,770.3,451.4,302.1,434.0,3288.9,6078.3,253.3
1986-07-01,3742.4,2540.6,18.2,770.4,458.4,303.7,435.4,3307.0,6110.2,258.5
1986-08-01,3756.0,2557.2,16.5,770.2,454.0,305.8,439.9,3316.1,6119.3,263.8
1986-09-01,3773.0,2568.0,15.0,770.3,455.8,306.9,443.1,3330.0,6124.9,270.9
1986-10-01,3782.2,2589.9,13.7,769.7,457.1,309.5,448.3,3334.0,6121.2,261.3
1986-11-01,3796.8,2608.0,13.1,769.1,457.2,311.7,454.7,3342.0,6125.2,261.0
1986-12-01,3817.4,2616.3,13.3,770.5,459.2,312.3,465.1,3352.3,6135.8,270.4
1987-01-01,3831.4,2627.3,14.3,770.0,461.3,313.7,450.5,3380.9,6159.5,272.3
1987-02-01,3858.1,2648.6,14.7,770.6,463.8,316.1,447.3,3410.7,6192.1,276.5
1987-03-01,3878.4,2667.4,14.5,772.6,464.3,317.9,454.4,3424.1,6200.0,277.5
1987-04-01,3891.1,2674.8,13.8,776.8,465.2,318.3,583.3,3307.8,5967.2,278.8
1987-05-01,3925.0,2695.3,13.9,781.8,471.7,320.5,474.4,3450.6,6209.1,282.9
1987-06-01,3936.5,2706.0,14.7,784.4,467.4,321.3,477.4,3459.1,6200.8,285.2
1987-07-01,3958.9,2717.7,16.2,791.1,469.1,322.4,482.3,3476.7,6218.1,287.3
1987-08-01,3995.2,2747.9,17.5,797.0,469.0,325.8,490.1,3505.1,6244.2,289.5
1987-09-01,4011.5,2755.2,18.7,802.6,469.5,326.1,494.6,3517.0,6244.3,291.7
1987-10-01,4049.8,2783.9,19.7,809.4,471.8,329.1,499.0,3550.8,6284.5,294.2
1987-11-01,4075.8,2802.8,20.4,815.3,471.4,330.9,504.4,3571.4,6308.9,296.8
1987-12-01,4127.4,2842.0,20.8,821.5,473.3,335.2,517.5,3610.0,6365.4,305.0
1988-01-01,4137.6,2837.9,21.1,824.4,486.8,349.1,505.9,3631.6,6378.8,316.5
1988-02-01,4160.3,2858.7,21.1,824.2,487.3,351.2,502.1,3658.2,6416.0,320.2
1988-03-01,4183.9,2876.1,21.0,823.3,495.7,352.9,498.2,3685.7,6442.2,320.8
1988-04-01,4213.8,2905.6,20.6,827.8,492.3,356.4,497.4,3716.4,6464.3,323.9
1988-05-01,4229.2,2920.6,20.3,833.2,493.3,358.0,496.8,3732.4,6473.4,319.8
1988-06-01,4261.4,2943.2,20.0,840.1,495.0,360.6,499.2,3762.2,6497.4,323.8
1988-07-01,4300.8,2966.0,19.7,850.3,497.2,363.5,504.4,3796.3,6524.5,331.0
1988-08-01,4324.5,2970.3,20.8,861.0,499.9,363.8,506.2,3818.3,6542.8,336.3
1988-09-01,4353.7,2991.3,23.1,870.4,501.8,366.3,509.4,3844.3,6555.5,333.5
1988-10-01,4392.0,3027.9,26.7,878.8,503.9,371.0,514.6,3877.4,6590.4,325.7
1988-11-01,4403.6,3029.2,28.1,887.4,506.9,371.2,515.9,3887.7,6592.6,323.0
1988-12-01,4440.2,3049.2,27.5,896.3,509.5,373.9,521.1,3919.1,6625.1,331.8
1989-01-01,4504.1,3070.5,24.7,916.6,526.0,376.9,548.1,3956.1,6653.4,343.2
1989-02-01,4533.2,3073.3,22.8,934.4,529.4,377.3,552.1,3981.0,6673.2,350.6
1989-03-01,4574.4,3093.4,21.8,949.8,538.9,379.9,558.4,4016.0,6706.7,350.5
1989-04-01,4587.1,3114.2,21.6,955.0,536.9,382.7,565.1,4022.0,6672.3,342.2
1989-05-01,4584.3,3106.4,21.2,961.3,537.7,381.5,566.1,4018.2,6641.7,339.1
1989-06-01,4607.3,3123.1,20.7,968.1,541.8,383.6,568.9,4038.4,6660.5,337.3
1989-07-01,4633.7,3149.1,19.9,972.3,544.2,386.7,571.4,4062.3,6683.9,335.0
1989-08-01,4644.3,3148.8,19.8,975.6,547.7,386.4,570.8,4073.6,6701.6,338.8
1989-09-01,4667.5,3167.2,20.4,978.9,551.8,388.4,572.6,4094.9,6721.7,337.7
1989-10-01,4708.1,3202.7,20.9,982.7,556.0,392.7,576.9,4131.2,6754.8,338.5
1989-11-01,4722.8,3205.6,22.0,987.1,560.6,392.6,578.7,4144.2,6761.3,340.0
1989-12-01,4740.1,3220.9,22.7,990.0,559.9,394.0,583.8,4156.3,6761.4,340.7
1990-01-01,4787.7,3244.0,22.7,997.1,576.9,400.4,575.4,4212.4,6801.0,347.4
1990-02-01,4823.2,3275.8,23.0,1000.2,579.2,400.3,583.5,4239.8,6815.1,345.5
1990-03-01,4845.6,3298.5,23.7,1001.2,582.4,404.2,588.7,4256.9,6816.9,343.9
1990-04-01,4886.1,3326.0,24.9,1002.7,587.4,404.2,592.9,4293.2,6860.6,349.3
1990-05-01,4891.2,3328.1,26.6,1001.3,589.2,405.5,593.5,4297.7,6852.4,351.5
1990-06-01,4920.3,3350.0,28.5,1005.4,594.7,410.9,597.4,4322.9,6862.3,352.6
1990-07-01,4948.5,3370.7,30.7,1008.4,596.1,413.8,599.8,4348.7,6886.1,356.4
1990-08-01,4949.5,3362.7,31.9,1010.8,597.7,413.3,599.5,4350.0,6842.8,359.7
1990-09-01,4977.5,3384.2,32.2,1010.8,606.2,416.6,602.8,4374.6,6839.5,360.7
1990-10-01,4964.6,3369.6,31.4,1009.1,612.7,415.2,601.0,4363.6,6783.4,357.0
1990-11-01,4970.7,3375.1,31.1,1007.6,615.7,416.5,600.5,4370.2,6785.1,357.7
1990-12-01,5000.4,3399.8,31.4,1009.4,624.1,420.4,601.0,4399.4,6824.1,356.2
1991-01-01,4985.8,3384.4,32.2,1006.3,636.4,419.9,582.3,4403.5,6804.7,346.4
1991-02-01,4991.7,3385.2,33.0,1004.9,641.5,420.7,579.9,4411.8,6814.0,347.8
1991-03-01,4999.9,3392.9,33.8,1000.4,647.0,422.3,580.1,4419.8,6824.9,348.2
1991-04-01,5028.0,3405.2,34.6,1003.5,657.2,424.5,582.9,4445.1,6851.7,352.0
1991-05-01,5049.5,3420.9,35.5,1004.9,662.0,426.8,585.2,4464.3,6852.9,353.1
1991-06-01,5084.7,3456.7,36.4,1004.3,665.1,431.7,589.6,4495.1,6888.5,353.9
1991-07-01,5081.2,3449.4,37.5,1007.0,665.2,430.9,587.8,4493.4,6875.2,353.0
1991-08-01,5103.2,3466.7,39.2,1007.2,670.5,433.1,588.7,4514.5,6891.4,352.6
1991-09-01,5136.8,3493.6,41.7,1006.2,676.6,436.6,594.2,4542.6,6910.5,355.2
1991-10-01,5153.5,3491.7,44.8,1000.6,694.0,435.8,595.5,4558.0,6921.1,358.2
1991-11-01,5173.7,3511.5,46.4,998.4,693.3,437.8,598.4,4575.3,6932.2,362.0
1991-12-01,5230.9,3547.7,48.1,1000.7,708.9,442.1,602.1,4628.7,6995.7,367.5
1992-01-01,5264.2,3562.8,48.6,998.9,722.9,446.5,583.0,4681.1,7065.3,377.6
1992-02-01,5303.8,3604.9,49.7,996.7,725.6,451.7,589.3,4714.5,7097.8,378.6
1992-03-01,5325.5,3619.4,51.7,994.8,732.5,452.9,594.4,4731.1,7105.5,380.0
1992-04-01,5359.8,3630.8,54.6,996.9,741.8,453.8,601.8,4758.1,7126.8,389.6
1992-05-01,5395.6,3654.3,57.3,1000.3,745.9,456.3,608.3,4787.2,7161.1,394.0
1992-06-01,5427.8,3670.6,59.9,1003.9,749.1,457.7,611.4,4816.3,7191.7,402.0
1992-07-01,5441.3,3677.8,62.5,1000.1,753.6,458.1,612.3,4829.0,7187.0,405.5
1992-08-01,5469.7,3702.1,64.7,997.0,757.8,460.8,616.9,4852.8,7212.8,409.0
1992-09-01,5457.7,3685.7,65.8,994.1,761.4,458.4,619.4,4838.3,7179.5,409.1
1992-10-01,5450.1,3655.0,68.0,997.8,764.5,454.4,625.8,4824.4,7133.6,419.3
1992-11-01,5472.7,3679.9,70.3,1001.3,756.8,457.0,631.5,4841.3,7144.5,421.4
1992-12-01,5682.1,3875.8,73.8,1003.8,764.6,451.7,659.6,5022.5,7399.0,415.8
1993-01-01,5539.2,3728.2,77.8,1006.8,779.9,472.3,614.3,4924.9,7237.6,418.8
1993-02-01,5573.0,3759.8,81.0,1007.9,779.7,475.4,617.3,4955.7,7271.8,420.0
1993-03-01,5569.9,3748.7,83.3,1008.3,785.3,473.7,619.5,4950.4,7249.2,417.9
1993-04-01,5626.7,3795.9,85.3,1007.3,784.6,473.6,637.4,4989.3,7286.8,427.2
1993-05-01,5642.8,3808.5,86.8,1007.3,783.7,475.4,645.3,4997.5,7276.3,431.9
1993-06-01,5637.9,3796.2,88.5,1007.6,789.8,473.7,647.8,4990.1,7262.9,429.5
1993-07-01,5665.2,3822.5,90.4,1006.2,795.9,477.1,654.6,5010.6,7281.2,427.2
1993-08-01,5687.2,3846.2,92.4,1006.4,801.2,480.4,660.7,5026.5,7291.8,421.4
1993-09-01,5680.3,3833.6,94.8,1006.4,802.8,478.9,662.3,5018.0,7271.9,421.7
1993-10-01,5674.3,3819.4,97.3,1005.6,800.8,477.7,665.0,5009.2,7236.4,428.8
1993-11-01,5699.6,3827.3,100.1,1006.4,802.4,479.1,667.0,5032.6,7256.4,442.5
1993-12-01,5899.1,4021.0,103.2,1008.2,809.9,491.9,693.9,5205.3,7503.7,448.7
1994-01-01,5784.5,3900.6,106.9,1010.3,816.4,496.0,675.1,5109.4,7363.1,446.4
1994-02-01,5803.8,3908.2,109.1,1014.7,818.0,497.3,672.7,5131.1,7377.2,451.1
1994-03-01,5835.5,3931.4,111.0,1020.7,820.1,500.8,673.2,5162.3,7401.7,453.1
1994-04-01,5896.8,3982.1,112.2,1029.2,823.5,503.5,728.3,5168.6,7402.0,453.4
1994-05-01,5917.5,3997.0,113.5,1036.1,822.2,505.9,681.7,5235.8,7487.4,454.6
1994-06-01,5923.9,3995.6,114.7,1042.4,822.9,506.0,683.5,5240.3,7475.5,454.3
1994-07-01,5952.6,4019.3,115.9,1049.6,823.1,509.3,691.4,5261.2,7481.7,454.0
1994-08-01,5974.8,4027.4,116.5,1057.0,827.4,510.5,695.4,5279.4,7490.5,456.9
1994-09-01,6007.6,4048.5,116.5,1066.5,830.1,513.3,699.3,5308.3,7523.2,459.4
1994-10-01,6071.6,4085.9,115.8,1080.5,843.4,518.3,703.7,5367.9,7594.7,464.3
1994-11-01,6081.8,4081.2,115.7,1090.8,846.4,517.7,703.8,5378.0,7594.4,465.3
1994-12-01,6114.7,4097.2,116.3,1099.9,854.1,519.6,708.7,5406.0,7629.1,466.8
1995-01-01,6155.5,4120.1,117.2,1105.6,869.4,523.8,721.1,5434.5,7653.7,467.1
1995-02-01,6180.4,4134.6,118.3,1112.9,873.7,525.6,725.4,5455.1,7669.1,466.7
1995-03-01,6207.6,4148.7,119.4,1119.6,878.8,527.2,727.4,5480.3,7690.3,468.3
1995-04-01,6231.3,4168.4,120.5,1125.4,879.5,529.6,777.2,5454.1,7633.6,467.1
1995-05-01,6245.8,4164.1,121.6,1131.1,885.6,528.9,728.0,5517.8,7710.9,472.3
1995-06-01,6275.1,4186.1,122.6,1136.1,885.3,531.4,735.3,5539.8,7734.0,476.4
1995-07-01,6304.3,4206.6,123.6,1139.9,889.9,534.0,745.1,5559.2,7751.4,478.1
1995-08-01,6327.2,4216.9,125.4,1144.3,890.8,535.1,752.3,5574.9,7756.6,484.9
1995-09-01,6356.2,4235.7,128.1,1148.8,890.4,537.0,759.2,5597.0,7782.0,490.3
1995-10-01,6382.3,4254.4,131.2,1153.9,885.4,539.3,764.4,5617.9,7790.9,496.7
1995-11-01,6403.1,4266.7,134.1,1158.3,882.7,540.5,769.9,5633.2,7812.3,501.8
1995-12-01,6427.4,4274.9,136.6,1162.9,889.9,541.2,775.7,5651.7,7823.0,504.3
1996-01-01,6463.8,4277.4,138.4,1165.9,908.1,538.8,791.8,5672.0,7833.7,512.7
1996-02-01,6528.1,4322.5,139.7,1170.7,915.4,544.2,803.2,5724.9,7894.3,524.1
1996-03-01,6570.9,4343.6,140.5,1175.7,924.7,546.6,810.2,5760.7,7919.9,533.0
1996-04-01,6608.1,4358.3,141.0,1182.1,934.8,548.2,864.8,5743.3,7872.3,540.1
1996-05-01,6648.4,4382.8,141.6,1188.2,936.1,550.9,822.3,5826.2,7972.0,550.6
1996-06-01,6693.0,4421.4,142.2,1195.2,938.2,555.8,831.7,5861.3,8020.3,551.7
1996-07-01,6694.0,4423.9,142.9,1202.9,933.2,555.7,835.6,5858.4,7999.4,546.9
1996-08-01,6722.5,4450.4,143.7,1210.7,931.3,558.9,843.5,5879.0,8019.8,545.2
1996-09-01,6761.1,4479.4,144.4,1218.4,930.9,562.4,851.6,5909.5,8038.7,550.3
1996-10-01,6783.0,4486.6,145.2,1228.0,930.4,563.1,856.0,5927.0,8038.2,555.9
1996-11-01,6817.2,4513.8,145.5,1234.9,932.7,566.4,863.4,5953.8,8060.2,556.8
1996-12-01,6852.1,4543.1,145.3,1241.1,934.8,570.0,871.1,5981.0,8087.7,557.8
1997-01-01,6901.2,4559.2,144.5,1244.5,950.8,570.4,895.3,6006.0,8110.8,572.6
1997-02-01,6938.1,4594.0,144.1,1251.0,947.1,574.6,902.7,6035.3,8133.4,576.5
1997-03-01,6978.7,4624.1,143.9,1258.6,952.8,578.1,908.3,6070.4,8172.1,577.5
1997-04-01,6991.4,4637.7,144.1,1267.0,949.8,579.5,910.5,6081.0,8178.2,572.3
1997-05-01,7020.4,4659.1,144.5,1274.8,948.6,581.8,915.6,6104.8,8214.1,575.2
1997-06-01,7054.9,4683.1,145.2,1281.7,951.6,584.4,922.7,6132.3,8240.5,577.8
1997-07-01,7090.6,4704.5,146.1,1287.5,953.1,586.6,931.5,6159.1,8271.7,586.0
1997-08-01,7138.2,4743.9,147.3,1294.6,956.2,591.2,942.1,6196.1,8314.6,587.3
1997-09-01,7177.1,4768.1,148.8,1302.6,959.2,593.8,949.8,6227.3,8336.4,592.3
1997-10-01,7224.3,4804.5,150.5,1309.6,960.2,597.7,958.0,6266.3,8377.6,597.1
1997-11-01,7276.1,4852.7,152.2,1319.2,961.9,603.4,969.0,6307.1,8431.8,593.5
1997-12-01,7318.6,4874.8,153.7,1329.4,967.0,605.5,976.5,6342.1,8480.3,599.1
1998-01-01,7387.7,4911.3,155.1,1344.2,971.0,606.8,986.7,6401.0,8554.9,612.9
1998-02-01,7434.5,4943.9,156.8,1354.2,974.2,610.5,996.4,6438.1,8608.9,616.1
1998-03-01,7481.4,4970.8,158.6,1363.4,978.8,613.4,1005.3,6476.1,8658.3,623.2
1998-04-01,7518.6,4996.5,160.7,1373.3,979.7,616.2,1014.0,6504.5,8685.6,624.5
1998-05-01,7563.6,5033.8,162.6,1379.8,980.4,620.3,1023.5,6540.0,8721.1,627.3
1998-06-01,7601.0,5054.6,164.5,1384.3,983.1,622.5,1029.5,6571.5,8770.5,637.0
1998-07-01,7633.9,5079.6,166.3,1387.7,982.1,625.4,1034.6,6599.4,8786.0,643.7
1998-08-01,7673.9,5122.8,168.0,1386.5,983.8,630.5,1044.0,6629.9,8814.4,643.3
1998-09-01,7696.6,5142.2,169.8,1381.6,987.7,632.6,1051.0,6645.6,8840.5,648.0
1998-10-01,7728.5,5168.4,172.1,1372.3,990.3,635.5,1058.8,6669.7,8853.3,661.0
1998-11-01,7766.6,5204.7,173.5,1364.9,995.3,639.9,1069.0,6697.6,8889.8,668.1
1998-12-01,7793.5,5225.1,174.6,1358.6,1000.6,642.2,1076.2,6717.3,8907.1,676.9
1999-01-01,7834.6,5260.3,175.0,1354.3,1011.9,647.1,1070.7,6764.0,8956.4,680.2
1999-02-01,7863.4,5296.0,176.0,1349.1,1012.7,651.4,1079.5,6783.9,8987.9,680.9
1999-03-01,7879.4,5304.6,177.3,1345.8,1019.0,652.0,1083.7,6795.7,8996.9,684.6
1999-04-01,7895.9,5324.2,178.8,1344.4,1014.2,653.8,1088.5,6807.4,8969.0,687.9
1999-05-01,7920.3,5347.7,179.8,1346.2,1017.7,656.3,1095.5,6824.8,8986.1,685.1
1999-06-01,7952.6,5359.8,180.1,1351.2,1021.7,657.1,1101.5,6851.1,9018.1,697.1
1999-07-01,7994.8,5393.6,179.7,1359.3,1024.7,660.1,1111.3,6883.5,9036.7,697.6
1999-08-01,8047.2,5425.9,179.4,1367.3,1032.5,663.4,1121.0,6926.3,9076.4,705.4
1999-09-01,8072.9,5452.4,179.0,1375.0,1035.5,665.6,1129.5,6943.3,9066.3,696.4
1999-10-01,8135.5,5499.1,178.4,1382.7,1039.2,670.3,1141.3,6994.2,9117.2,706.5
1999-11-01,8199.3,5548.0,179.0,1392.4,1039.5,675.3,1152.8,7046.5,9177.2,715.8
1999-12-01,8285.8,5620.6,179.2,1404.1,1045.5,683.1,1167.8,7117.9,9248.6,719.5
2000-01-01,8382.6,5715.4,179.6,1417.9,1052.4,693.0,1198.6,7184.0,9309.1,710.3
2000-02-01,8443.7,5754.4,179.9,1432.4,1056.9,696.6,1209.1,7234.5,9345.2,716.6
2000-03-01,8503.7,5777.7,180.0,1447.6,1060.9,698.4,1218.5,7285.2,9370.3,735.9
2000-04-01,8542.9,5787.5,179.9,1463.6,1069.4,698.7,1226.5,7316.4,9418.3,741.2
2000-05-01,8580.9,5772.2,180.1,1478.0,1094.8,695.8,1228.0,7352.9,9457.3,751.6
2000-06-01,8634.2,5815.5,180.6,1490.9,1087.0,700.8,1236.0,7398.2,9483.3,761.1
2000-07-01,8701.2,5885.2,181.2,1502.3,1091.4,709.4,1245.5,7455.8,9533.3,750.5
2000-08-01,8747.4,5899.1,182.6,1513.2,1098.7,710.8,1246.6,7500.8,9591.5,764.6
2000-09-01,8792.1,5927.5,184.7,1523.3,1103.9,714.5,1251.1,7541.1,9601.5,767.2
2000-10-01,8825.5,5942.1,187.5,1532.9,1106.2,716.6,1253.8,7571.7,9627.4,773.4
2000-11-01,8842.0,5943.7,190.8,1538.2,1103.6,717.2,1257.7,7584.3,9629.8,782.8
2000-12-01,8874.7,5945.3,194.7,1539.3,1122.6,718.1,1264.6,7610.0,9647.6,790.9
2001-01-01,8975.6,6022.6,195.6,1536.1,1147.9,728.2,1289.2,7686.4,9697.4,801.5
2001-02-01,9010.9,6055.4,197.0,1528.7,1154.7,733.0,1303.4,7707.4,9708.8,808.1
2001-03-01,9041.2,6072.4,198.8,1521.9,1164.3,735.8,1313.1,7728.1,9733.9,819.7
2001-04-01,9033.8,6048.8,201.1,1516.7,1181.8,733.5,1315.1,7718.7,9705.0,819.0
2001-05-01,9030.6,6037.4,202.8,1507.0,1188.7,732.8,1310.9,7719.8,9680.9,827.5
2001-06-01,9032.9,6036.5,203.9,1497.2,1191.7,733.0,1300.6,7732.3,9679.4,836.7
2001-07-01,9028.1,6028.8,204.5,1489.1,1193.0,732.5,1185.6,7842.5,9820.7,845.2
2001-08-01,9013.6,6022.9,204.9,1477.6,1186.4,732.1,1043.2,7970.4,9982.1,853.9
2001-09-01,8987.3,6022.0,205.0,1458.0,1197.1,732.5,1112.1,7875.3,9896.5,837.8
2001-10-01,9000.0,6026.2,204.3,1434.0,1226.0,733.3,1236.1,7763.9,9722.4,842.8
2001-11-01,8997.6,6038.8,204.9,1414.3,1234.3,735.0,1230.1,7767.5,9733.4,840.4
2001-12-01,9002.1,6048.4,206.0,1399.6,1245.2,736.6,1229.2,7772.8,9750.3,839.4
2002-01-01,9025.1,6049.0,206.6,1390.1,1259.7,741.6,1084.4,7940.7,9951.9,861.4
2002-02-01,9040.4,6053.6,207.3,1400.6,1261.1,742.3,1074.7,7965.7,9966.6,860.1
2002-03-01,9059.0,6079.7,208.0,1400.5,1259.3,745.5,1066.3,7992.7,9973.3,857.0
2002-04-01,9108.7,6102.8,208.8,1405.8,1279.1,748.4,1055.3,8053.4,10007.2,860.6
2002-05-01,9140.4,6125.6,209.0,1409.0,1284.0,751.0,1049.0,8091.4,10047.9,863.9
2002-06-01,9174.8,6159.0,208.7,1409.6,1283.7,755.1,1048.6,8126.2,10078.5,868.9
2002-07-01,9168.1,6139.8,207.9,1410.5,1287.2,752.5,1044.2,8123.9,10053.5,875.1
2002-08-01,9186.9,6158.1,207.5,1412.0,1291.4,754.3,1044.5,8142.3,10056.6,872.1
2002-09-01,9210.1,6172.8,207.6,1416.6,1297.8,756.2,1043.6,8166.5,10068.3,871.5
2002-10-01,9244.4,6186.5,208.0,1426.5,1300.5,756.5,1039.5,8204.8,10097.3,879.2
2002-11-01,9273.3,6195.3,209.6,1437.3,1304.3,757.2,1038.3,8235.0,10124.3,884.0
2002-12-01,9300.2,6199.2,212.2,1445.0,1314.4,757.4,1037.5,8262.6,10148.6,886.7
2003-01-01,9297.2,6193.0,216.1,1447.8,1320.2,761.1,1022.1,8275.1,10133.6,881.3
2003-02-01,9302.0,6206.5,219.0,1443.7,1322.9,762.5,1021.5,8280.4,10097.6,872.4
2003-03-01,9341.7,6240.0,221.0,1442.1,1329.7,766.3,1020.4,8321.4,10121.5,875.2
2003-04-01,9369.8,6264.7,222.3,1437.3,1332.9,768.9,1013.5,8356.4,10181.4,881.6
2003-05-01,9431.9,6314.7,223.3,1433.2,1341.0,775.0,1019.6,8412.3,10261.2,894.8
2003-06-01,9475.2,6342.5,224.0,1437.8,1347.9,777.8,1029.3,8445.9,10291.2,900.8
2003-07-01,9512.4,6361.1,224.9,1449.2,1354.9,779.9,939.4,8573.0,10415.5,902.3
2003-08-01,9560.2,6394.2,227.0,1456.1,1362.1,783.8,898.6,8661.5,10487.7,904.6
2003-09-01,9604.3,6425.8,230.7,1460.6,1366.0,787.6,1014.0,8590.4,10369.1,908.9
2003-10-01,9642.4,6471.3,235.7,1460.6,1358.7,792.8,1018.3,8624.0,10408.4,908.8
2003-11-01,9710.1,6515.9,239.5,1480.5,1358.4,798.2,1023.3,8686.8,10470.9,914.0
2003-12-01,9734.9,6513.5,241.8,1479.1,1372.4,797.3,1022.4,8712.6,10479.0,925.4
2004-01-01,9753.2,6526.5,242.4,1472.9,1385.5,807.7,1012.2,8741.1,10472.7,933.6
2004-02-01,9786.7,6533.5,243.1,1473.1,1399.7,808.4,1011.5,8775.1,10491.3,945.7
2004-03-01,9837.2,6563.8,243.5,1474.8,1406.2,811.5,1013.1,8824.2,10533.6,960.4
2004-04-01,9887.5,6610.4,243.7,1479.6,1411.9,816.5,1016.7,8870.8,10569.6,958.3
2004-05-01,9972.9,6684.2,243.6,1490.5,1416.5,825.8,1028.1,8944.8,10623.3,964.0
2004-06-01,10013.0,6710.8,243.0,1501.5,1419.5,828.6,1035.5,8977.5,10631.8,966.8
2004-07-01,10060.0,6769.7,242.3,1504.1,1412.9,835.4,1052.0,9008.1,10658.1,966.5
2004-08-01,10107.8,6809.3,241.7,1501.5,1431.3,840.0,1065.3,9042.5,10693.5,964.1
2004-09-01,10142.9,6832.1,241.4,1517.1,1432.5,842.1,1075.9,9067.1,10701.4,962.0
2004-10-01,10194.7,6855.5,244.8,1530.0,1437.5,844.5,1083.6,9111.1,10707.4,971.5
2004-11-01,10210.6,6854.9,243.4,1536.1,1443.2,843.8,1090.2,9120.4,10677.3,976.8
2004-12-01,10564.5,6883.1,240.5,1844.0,1458.3,846.5,1101.0,9463.5,11072.9,985.0
2005-01-01,10296.1,6908.8,235.3,1576.0,1475.9,856.6,1164.8,9131.3,10670.3,956.7
2005-02-01,10335.8,6929.1,233.0,1585.3,1491.5,858.5,1173.3,9162.5,10677.1,955.4
2005-03-01,10403.5,6940.9,232.7,1632.8,1496.9,859.2,1178.7,9224.8,10717.4,959.3
2005-04-01,10468.7,6979.2,233.7,1653.7,1510.4,863.5,1188.4,9280.3,10751.9,955.2
2005-05-01,10522.6,7002.5,232.3,1678.7,1512.9,865.9,1195.5,9327.0,10799.8,962.1
2005-06-01,10559.1,7035.0,227.5,1676.3,1514.6,869.4,1204.9,9354.1,10824.4,975.0
2005-07-01,10622.7,7096.4,219.8,1690.7,1509.5,876.7,1216.2,9406.6,10839.0,982.9
2005-08-01,10684.7,7118.8,213.4,1711.0,1534.8,879.1,1224.7,9460.0,10856.6,985.8
2005-09-01,10750.8,7152.7,207.5,1737.2,1540.5,882.8,1235.5,9515.2,10815.7,995.7
2005-10-01,10825.6,7187.7,208.5,1780.4,1536.5,887.3,1247.2,9578.3,10870.2,999.7
2005-11-01,10873.6,7208.7,205.7,1800.5,1539.8,889.2,1255.8,9617.8,10937.8,1008.1
2005-12-01,10915.9,7233.4,203.8,1819.5,1537.4,891.9,1264.3,9651.6,10976.2,1013.8
2006-01-01,11110.9,7334.4,198.9,1847.2,1591.5,907.3,1305.9,9805.0,11096.7,1046.1
2006-02-01,11180.6,7390.2,193.9,1879.6,1583.1,914.8,1321.4,9859.2,11151.4,1048.6
2006-03-01,11251.7,7414.6,190.7,1921.2,1590.3,917.5,1334.1,9917.6,11195.7,1052.5
2006-04-01,11307.8,7439.8,187.0,1956.8,1593.2,920.4,1348.9,9958.9,11190.3,1051.3
2006-05-01,11329.1,7411.1,183.6,1994.2,1603.0,916.0,1350.2,9978.9,11182.7,1053.2
2006-06-01,11372.0,7433.1,179.7,2013.0,1612.2,917.8,1354.7,10017.3,11198.2,1051.9
2006-07-01,11404.2,7463.8,179.0,2012.0,1622.6,921.2,1354.2,10050.0,11196.3,1047.9
2006-08-01,11431.6,7479.7,177.8,2015.0,1630.5,921.9,1356.0,10075.6,11189.6,1050.5
2006-09-01,11471.2,7518.5,176.5,2020.5,1631.9,924.8,1365.7,10105.5,11252.3,1048.6
2006-10-01,11507.6,7562.1,172.1,2026.5,1624.5,930.2,1377.9,10129.6,11306.0,1052.6
2006-11-01,11570.5,7614.0,169.0,2041.4,1629.9,934.8,1395.1,10175.4,11353.1,1051.0
2006-12-01,11679.2,7694.8,165.1,2053.4,1653.3,943.7,1419.4,10259.7,11406.8,1056.2
2007-01-01,11737.9,7759.5,160.9,2054.8,1694.1,951.1,1446.8,10291.2,11403.7,1019.9
2007-02-01,11824.1,7814.2,161.0,2076.3,1710.0,956.9,1468.4,10355.7,11439.6,1019.5
2007-03-01,11910.2,7844.2,165.6,2130.3,1716.0,959.1,1484.5,10425.7,11475.0,1013.1
2007-04-01,11955.5,7840.6,173.6,2188.6,1708.0,957.7,1491.6,10463.9,11490.1,1002.5
2007-05-01,11995.3,7837.3,180.4,2226.3,1710.5,956.2,1496.0,10499.3,11495.5,997.1
2007-06-01,12015.3,7857.6,186.9,2222.0,1712.6,957.9,1500.2,10515.1,11488.4,994.1
2007-07-01,12041.5,7872.8,190.1,2225.7,1719.9,959.5,1499.4,10542.1,11500.4,992.4
2007-08-01,12050.3,7868.1,193.6,2229.7,1731.9,958.2,1495.7,10554.6,11506.2,985.2
2007-09-01,12115.9,7914.7,197.1,2239.2,1746.3,964.0,1501.4,10614.5,11527.1,982.6
2007-10-01,12142.4,7928.4,199.9,2250.2,1751.1,965.8,1499.0,10643.5,11523.6,978.7
2007-11-01,12197.5,7978.7,207.2,2246.5,1758.3,972.1,1508.0,10689.5,11512.3,978.9
2007-12-01,12270.4,8025.6,218.9,2244.0,1778.7,978.5,1519.0,10751.4,11552.1,981.7
2008-01-01,12302.1,8029.8,235.5,2254.5,1793.0,980.3,1522.3,10779.8,11553.4,969.5
2008-02-01,12329.8,8052.1,249.8,2251.7,1799.6,983.5,1533.9,10796.0,11547.6,960.3
2008-03-01,12374.0,8082.7,262.3,2238.5,1816.2,988.1,1549.3,10824.8,11545.3,962.4
2008-04-01,12360.2,8050.7,271.9,2207.4,1846.5,984.9,1557.2,10803.0,11500.7,968.6
2008-05-01,12934.6,8054.9,281.0,2197.9,2419.7,986.1,1556.8,11377.8,12060.9,967.2
2008-06-01,12713.5,8059.1,289.9,2207.4,2178.9,987.6,1543.4,11170.1,11755.3,965.8
2008-07-01,12564.0,8057.7,297.4,2224.9,2024.7,988.3,1515.1,11048.9,11574.0,947.6
2008-08-01,12472.5,8078.5,305.1,2227.5,1893.8,992.0,1496.5,10976.0,11506.9,959.6
2008-09-01,12489.4,8087.0,313.4,2215.0,1905.7,994.4,1480.9,11008.5,11531.5,962.6
2008-10-01,12489.4,8110.4,322.2,2188.0,1912.7,998.5,1472.8,11016.6,11616.7,954.5
2008-11-01,12427.1,8065.8,326.5,2147.9,1922.3,994.6,1449.6,10977.5,11713.8,959.2
2008-12-01,12274.1,7953.2,328.3,2087.8,1948.3,982.0,1412.3,10861.8,11655.4,938.5
2009-01-01,12155.6,7796.8,326.2,2051.3,2014.5,966.8,1234.1,10921.5,11718.0,933.7
2009-02-01,12031.7,7715.0,326.2,2001.2,2036.6,958.0,1202.0,10829.7,11598.7,910.7
2009-03-01,11983.8,7679.3,327.5,1968.3,2068.0,954.7,1171.0,10812.8,11593.4,895.3
2009-04-01,12022.2,7740.9,330.4,1909.8,2106.5,963.2,1131.5,10890.7,11660.2,897.7
2009-05-01,12188.9,7772.3,335.3,1875.1,2274.0,967.7,1131.2,11057.7,11826.7,899.8
2009-06-01,12050.9,7772.7,342.0,1841.8,2155.3,967.9,1130.6,10920.3,11610.9,907.1
2009-07-01,12007.4,7746.0,350.0,1805.0,2157.3,964.1,1133.5,10873.9,11560.4,913.2
2009-08-01,12021.0,7747.5,356.3,1780.3,2165.5,964.0,1136.0,10884.9,11538.6,935.3
2009-09-01,12071.4,7746.1,361.2,1766.2,2206.2,963.3,1136.4,10935.1,11573.1,955.1
2009-10-01,12080.2,7773.0,364.5,1755.5,2178.4,965.3,1136.8,10943.4,11538.1,974.1
2009-11-01,12143.6,7808.2,370.8,1747.6,2185.0,968.8,1141.7,11001.9,11571.0,1000.8
2009-12-01,12208.3,7810.5,380.7,1742.2,2213.6,967.5,1143.7,11064.5,11630.0,1028.9
2010-01-01,12296.6,7778.9,393.9,1756.7,2294.2,977.2,1194.1,11102.5,11644.6,1050.1
2010-02-01,12301.4,7744.2,405.4,1767.9,2302.8,970.9,1188.6,11112.8,11655.6,1052.0
2010-03-01,12365.6,7779.8,415.3,1765.2,2312.7,972.7,1192.7,11172.9,11702.1,1065.3
2010-04-01,12473.3,7860.2,422.7,1772.0,2310.3,980.3,1201.1,11272.2,11799.8,1088.5
2010-05-01,12575.2,7935.6,429.4,1777.5,2311.6,987.6,1215.3,11360.0,11887.9,1108.7
2010-06-01,12585.4,7936.1,434.6,1778.0,2311.4,985.6,1223.4,11362.0,11895.0,1110.9
2010-07-01,12629.5,7967.3,438.5,1774.2,2314.7,987.3,1242.8,11386.8,11910.8,1122.1
2010-08-01,12697.4,7988.1,442.6,1778.1,2347.1,988.2,1257.8,11439.6,11949.7,1129.8
2010-09-01,12719.1,7991.3,446.8,1789.1,2346.6,986.7,1268.4,11450.7,11949.4,1132.0
2010-10-01,12768.0,8023.5,450.4,1802.6,2346.4,989.0,1279.8,11488.1,11950.4,1134.2
2010-11-01,12808.4,8028.3,457.2,1821.8,2348.2,987.9,1287.4,11520.9,11960.5,1140.7
2010-12-01,12914.3,8071.2,467.3,1858.1,2355.8,991.5,1300.2,11614.1,12030.1,1153.3
2011-01-01,13120.0,8142.9,480.5,1876.7,2362.9,909.2,1418.4,11701.6,12084.4,1166.2
2011-02-01,13193.3,8180.1,490.2,1895.1,2358.9,913.0,1427.4,11765.9,12117.0,1182.0
2011-03-01,13214.3,8187.2,496.5,1891.5,2363.6,913.2,1433.9,11780.4,12083.3,1188.7
2011-04-01,13247.4,8191.1,498.9,1906.7,2365.9,913.0,1438.6,11808.8,12061.3,1197.8
2011-05-01,13270.9,8196.8,501.5,1917.0,2362.5,913.6,1444.0,11827.0,12043.2,1206.8
2011-06-01,13323.5,8231.4,503.8,1922.6,2356.5,916.8,1455.1,11868.4,12087.9,1226.0
2011-07-01,13398.4,8302.2,505.5,1924.3,2352.2,924.7,1469.6,11928.8,12128.6,1238.9
2011-08-01,13420.6,8286.4,509.4,1932.6,2352.4,922.9,1471.7,11948.9,12120.6,1262.6
2011-09-01,13422.3,8273.3,515.4,1949.8,2351.6,921.1,1472.9,11949.4,12104.0,1253.4
2011-10-01,13430.4,8232.6,522.2,1980.4,2354.2,916.7,1468.0,11962.4,12117.0,1257.7
2011-11-01,13447.9,8206.1,526.7,2008.0,2356.5,913.6,1465.3,11982.6,12112.6,1264.2
2011-12-01,13582.4,8284.0,527.8,2040.8,2367.1,922.0,1479.4,12103.0,12227.3,1284.7
2012-01-01,13683.6,8396.6,526.2,2057.6,2334.4,933.9,1456.0,12227.6,12311.1,1302.6
2012-02-01,13798.1,8469.4,526.2,2080.1,2336.7,941.8,1469.9,12328.2,12384.8,1327.5
2012-03-01,13877.1,8503.2,527.6,2106.5,2350.0,945.2,1479.0,12398.1,12431.1,1335.1
2012-04-01,13954.9,8517.6,530.3,2139.3,2358.8,946.8,1485.3,12469.6,12486.5,1355.7
2012-05-01,13944.6,8488.5,532.5,2147.7,2361.7,943.1,1485.2,12459.4,12490.2,1357.2
2012-06-01,13938.1,8505.2,534.2,2121.0,2367.9,944.4,1492.6,12445.5,12482.6,1354.0
2012-07-01,13859.9,8496.0,535.4,2065.3,2362.5,942.9,1495.8,12364.1,12396.5,1343.7
2012-08-01,13879.8,8525.0,536.2,2064.4,2357.6,945.2,1506.4,12373.5,12364.4,1342.0
2012-09-01,14028.2,8617.3,536.7,2106.1,2374.1,954.8,1527.8,12500.4,12453.3,1348.9
2012-10-01,14164.6,8659.8,538.2,2193.6,2372.9,958.7,1541.6,12622.9,12538.2,1358.8
2012-11-01,14346.4,8760.7,541.7,2259.9,2382.4,969.0,1566.3,12780.1,12702.9,1370.7
2012-12-01,14696.7,8869.1,548.4,2502.4,2397.2,980.5,1608.2,13088.6,13011.6,1360.1
2013-01-01,13996.7,8730.8,555.1,2033.1,2397.7,1089.7,1641.5,12355.2,12258.9,1369.8
2013-02-01,14015.4,8729.5,561.3,2027.9,2401.7,1090.3,1649.4,12366.0,12224.9,1385.3
2013-03-01,14046.4,8737.5,566.0,2017.2,2411.0,1092.0,1659.0,12387.3,12262.1,1406.6
2013-04-01,14089.6,8781.0,568.8,2019.8,2400.5,1098.0,1674.7,12414.9,12299.0,1417.6
2013-05-01,14168.4,8825.3,573.4,2037.3,2419.5,1103.8,1685.2,12483.2,12358.6,1416.7
2013-06-01,14200.8,8852.4,577.3,2052.3,2428.6,1107.3,1687.6,12513.2,12361.7,1397.6
2013-07-01,14191.1,8821.4,582.1,2061.3,2428.6,1103.5,1673.5,12517.6,12350.6,1401.2
2013-08-01,14240.1,8846.4,585.3,2073.4,2435.9,1106.2,1673.9,12566.2,12379.6,1405.3
2013-09-01,14301.2,8868.9,587.9,2087.7,2439.1,1109.0,1677.3,12623.9,12431.5,1426.6
2013-10-01,14290.7,8887.3,588.5,2086.8,2438.7,1110.9,1682.5,12608.2,12395.1,1400.4
2013-11-01,14357.7,8946.2,590.3,2097.6,2440.9,1117.6,1698.0,12659.6,12426.2,1400.2
2013-12-01,14425.7,8993.8,593.2,2112.5,2449.9,1123.1,1713.8,12711.9,12452.7,1399.3
2014-01-01,14529.9,9062.4,596.2,2133.3,2461.0,1134.1,1732.0,12797.9,12513.3,1411.1
2014-02-01,14620.1,9116.6,598.2,2165.8,2472.1,1140.2,1746.9,12873.2,12579.5,1407.7
2014-03-01,14725.2,9163.7,600.0,2201.9,2489.3,1145.0,1755.5,12969.8,12648.6,1415.3
2014-04-01,14800.2,9159.9,601.6,2238.9,2507.3,1143.7,1753.4,13046.8,12699.0,1436.2
2014-05-01,14872.4,9166.3,602.7,2266.4,2529.6,1143.6,1755.8,13116.7,12745.0,1451.0
2014-06-01,14951.3,9191.2,603.5,2294.8,2543.5,1146.3,1766.0,13185.2,12797.2,1464.5
2014-07-01,15026.9,9228.9,603.6,2316.1,2556.5,1150.4,1782.8,13244.1,12835.1,1472.1
2014-08-01,15105.5,9285.6,604.9,2335.8,2569.2,1156.4,1799.9,13305.6,12896.3,1466.4
2014-09-01,15166.0,9327.3,605.3,2356.0,2578.9,1161.6,1813.0,13353.0,12938.8,1460.0
2014-10-01,15233.2,9375.3,607.0,2376.1,2587.2,1167.1,1825.4,13407.7,12995.3,1454.8
2014-11-01,15304.9,9439.6,605.9,2392.8,2593.7,1174.3,1837.7,13467.1,13062.8,1447.2
2014-12-01,15383.1,9485.8,603.5,2402.4,2610.4,1180.0,1846.3,13536.8,13150.5,1461.1
2015-01-01,15444.5,9529.1,596.0,2416.8,2628.6,1184.8,1894.1,13550.3,13224.7,1458.7
2015-02-01,15525.3,9570.8,594.5,2475.0,2642.2,1189.7,1904.2,13621.1,13271.8,1432.6
2015-03-01,15523.4,9591.7,598.1,2451.1,2661.3,1192.3,1915.3,13608.0,13233.7,1413.5
2015-04-01,15581.5,9625.5,606.5,2463.4,2673.4,1196.2,1933.1,13648.4,13262.8,1408.8
2015-05-01,15650.7,9677.2,612.3,2468.1,2684.7,1202.2,1947.0,13703.7,13284.7,1410.6
2015-06-01,15687.4,9695.8,615.1,2477.6,2688.9,1204.3,1948.8,13738.6,13292.7,1414.5
2015-07-01,15727.5,9729.6,614.9,2472.6,2694.8,1208.2,1945.2,13782.3,13324.1,1423.8
2015-08-01,15761.1,9757.6,615.0,2477.7,2699.7,1211.6,1946.8,13814.3,13354.9,1422.8
2015-09-01,15782.3,9768.0,614.7,2486.3,2703.0,1212.8,1950.1,13832.2,13392.0,1423.1
2015-10-01,15822.4,9802.5,614.7,2495.2,2706.4,1216.8,1963.6,13858.9,13419.8,1420.4
2015-11-01,15831.0,9811.2,615.4,2504.7,2713.6,1217.7,1965.9,13865.2,13417.7,1403.8
2015-12-01,15885.7,9834.2,616.6,2509.7,2728.3,1220.3,1965.3,13920.3,13482.0,1417.2
2016-01-01,15906.1,9849.6,617.6,2519.4,2733.8,1225.4,1927.5,13978.7,13531.6,1411.2
2016-02-01,15906.3,9842.5,619.7,2511.8,2747.6,1224.2,1921.4,13984.9,13546.1,1408.9
2016-03-01,15943.3,9862.9,622.2,2519.7,2754.9,1226.4,1924.9,14018.4,13547.2,1410.1
2016-04-01,15974.1,9890.4,625.2,2519.4,2762.5,1229.7,1935.6,14038.5,13522.0,1406.3
2016-05-01,15993.9,9895.5,627.0,2527.1,2769.3,1230.3,1941.8,14052.1,13515.1,1405.3
2016-06-01,16038.1,9929.8,627.8,2526.5,2771.4,1234.4,1952.7,14085.5,13521.5,1417.2
2016-07-01,16105.0,9978.0,626.8,2537.9,2778.4,1240.1,1966.2,14138.9,13567.1,1424.0
2016-08-01,16142.6,9983.8,627.7,2552.5,2789.8,1240.7,1970.3,14172.3,13578.9,1429.5
2016-09-01,16207.3,10033.7,628.4,2559.4,2793.0,1246.7,1979.6,14227.7,13608.3,1439.6
2016-10-01,16264.5,10078.3,629.4,2566.2,2809.4,1252.3,1985.1,14279.4,13627.7,1433.6
2016-11-01,16307.3,10103.3,632.0,2577.2,2805.1,1255.3,1991.0,14316.3,13657.8,1445.0
2016-12-01,16374.1,10145.6,636.1,2594.7,2809.2,1260.5,2002.7,14371.3,13685.3,1449.0
2017-01-01,16489.3,10194.7,640.8,2626.7,2826.9,1273.8,1999.1,14490.2,13747.2,1473.9
2017-02-01,16557.5,10231.8,643.6,2647.1,2831.2,1278.2,2006.8,14550.7,13783.4,1482.1
2017-03-01,16609.1,10246.4,644.5,2662.6,2836.2,1279.6,2006.3,14602.8,13840.4,1499.0
2017-04-01,16667.2,10298.0,643.4,2681.7,2831.6,1285.6,2006.9,14660.3,13864.5,1497.9
2017-05-01,16763.7,10329.4,643.0,2740.8,2837.0,1288.9,2009.4,14754.3,13957.3,1502.4
2017-06-01,16791.0,10380.3,643.6,2712.0,2845.9,1294.5,2019.9,14771.1,13959.9,1503.8
2017-07-01,16848.0,10432.2,647.9,2715.5,2856.1,1300.1,2035.0,14813.0,13995.9,1496.5
2017-08-01,16907.9,10467.8,650.8,2722.5,2870.2,1303.7,2052.0,14855.9,14003.4,1500.2
2017-09-01,17008.3,10535.1,658.1,2731.9,2883.0,1311.0,2077.6,14930.8,14021.4,1511.2
2017-10-01,17087.2,10595.6,661.9,2734.4,2894.0,1317.3,2104.3,14982.9,14049.5,1518.6
2017-11-01,17146.6,10666.5,665.3,2731.7,2875.2,1324.9,2127.2,15019.5,14060.5,1532.8
2017-12-01,17202.4,10714.7,664.2,2735.3,2881.0,1329.5,2139.2,15063.2,14081.0,1536.7
2018-01-01,17294.8,10761.3,665.5,2738.1,2931.0,1342.6,2078.0,15216.8,14173.9,1541.5
2018-02-01,17354.1,10780.0,668.4,2757.3,2935.7,1343.2,2073.6,15280.5,14198.4,1555.9
2018-03-01,17416.0,10808.4,671.9,2778.9,2949.3,1345.5,2066.8,15349.2,14242.1,1553.0
2018-04-01,17472.7,10850.0,672.4,2792.5,2956.2,1349.6,2057.0,15415.7,14275.9,1551.0
2018-05-01,17547.6,10884.6,674.3,2818.5,2964.9,1352.7,2054.1,15493.4,14320.7,1558.0
2018-06-01,17631.9,10938.4,676.8,2838.0,2974.5,1358.5,2062.0,15569.9,14374.9,1562.8
2018-07-01,17734.2,11000.6,682.5,2856.2,2984.4,1365.6,2079.3,15655.0,14440.0,1576.1
2018-08-01,17816.8,11056.8,688.3,2875.3,2992.4,1371.9,2090.0,15726.9,14495.0,1575.9
2018-09-01,17850.7,11071.4,693.7,2903.6,2993.5,1373.4,2088.9,15761.8,14495.6,1561.9
2018-10-01,17919.9,11075.2,691.2,2942.9,3008.4,1373.7,2080.4,15839.5,14542.2,1575.8
2018-11-01,17975.9,11098.0,688.3,2968.5,3008.1,1376.6,2079.2,15896.7,14588.7,1589.6
2018-12-01,18190.9,11170.2,686.2,3076.8,3020.6,1385.7,2089.7,16101.2,14773.3,1622.9
2019-01-01,18254.2,11267.5,687.8,3019.0,3094.6,1402.7,2135.7,16118.5,14791.2,1588.0
2019-02-01,18348.5,11327.2,689.7,3051.1,3104.3,1410.3,2156.8,16191.7,14835.3,1586.5
2019-03-01,18433.4,11394.2,691.2,3072.9,3118.2,1418.7,2188.1,16245.3,14843.9,1575.6
2019-04-01,18475.5,11386.7,693.7,3106.9,3129.9,1417.7,2215.5,16260.1,14811.8,1576.0
2019-05-01,18500.0,11377.7,696.1,3125.2,3140.0,1416.6,2225.5,16274.4,14814.7,1577.6
2019-06-01,18539.1,11403.9,698.7,3133.3,3151.0,1419.7,2223.7,16315.4,14841.3,1572.0
2019-07-01,18573.3,11407.1,698.7,3141.0,3157.6,1419.8,2200.9,16372.4,14871.8,1588.7
2019-08-01,18670.6,11466.4,699.0,3147.4,3163.1,1426.8,2195.1,16475.5,14960.3,1621.5
2019-09-01,18722.6,11492.1,699.6,3157.2,3167.5,1429.5,2191.5,16531.0,15000.7,1635.7
2019-10-01,18791.9,11566.9,702.9,3162.5,3178.3,1438.4,2204.7,16587.2,15022.4,1619.8
2019-11-01,18880.2,11632.8,707.7,3157.8,3174.5,1446.2,2217.9,16662.3,15084.2,1653.7
2019-12-01,18854.8,11655.0,713.6,3153.8,3158.8,1448.5,2225.5,16629.2,15018.1,1622.2
2020-01-01,19065.2,11809.0,718.5,3155.6,3188.1,1473.6,2259.0,16806.3,15149.7,1667.6
2020-02-01,19197.0,11922.9,722.8,3144.4,3187.7,1486.3,2279.8,16917.2,15232.8,1705.6
2020-03-01,18838.8,11613.4,726.4,3133.0,3261.4,1451.8,2208.5,16630.3,15008.5,1556.5
2020-04-01,21050.3,10746.4,723.7,3100.5,6457.9,1366.3,2042.6,19007.6,17246.2,1388.2
2020-05-01,20216.6,11070.3,718.9,3072.5,5303.4,1404.4,2097.4,18119.2,16423.4,1455.9
2020-06-01,20171.3,11343.7,711.2,3055.9,4907.9,1430.2,2154.5,18016.8,16272.5,1582.8
2020-07-01,20379.3,11453.0,716.7,3046.8,4934.7,1439.6,2198.0,18181.3,16372.2,1667.8
2020-08-01,19773.2,11573.9,722.2,3039.9,4132.0,1449.1,2241.0,17532.2,15739.2,1754.2
2020-09-01,19905.2,11663.3,728.7,3044.9,4090.3,1454.8,2273.6,17631.6,15799.7,1832.8
2020-10-01,19878.9,11866.1,723.2,3062.1,3841.9,1473.2,2320.6,17558.3,15729.1,1858.9
2020-11-01,19692.2,11988.5,716.8,3106.9,3699.2,1483.0,2362.1,17330.1,15522.5,1663.8
2020-12-01,19819.7,12062.6,709.0,3183.1,3769.4,1487.8,2399.4,17420.3,15536.5,1583.3
2021-01-01,21725.4,12065.9,714.4,3111.7,5737.4,1495.9,2479.8,19245.5,17099.2,1591.9
2021-02-01,20189.4,12020.0,719.2,3134.5,4168.3,1487.0,2501.9,17687.5,15662.7,1634.3
2021-03-01,24371.9,12089.4,724.6,3149.9,8161.2,1492.1,2545.2,21826.6,19213.9,1738.7
2021-04-01,21180.9,12250.1,719.5,3176.5,4782.6,1509.5,2605.3,18575.5,16264.7,1761.6
2021-05-01,20769.3,12372.4,713.3,3197.3,4227.6,1522.0,2643.5,18125.8,15790.4,1780.7
2021-06-01,20798.9,12486.9,707.6,3215.1,4134.7,1533.7,2666.7,18132.2,15708.6,1788.3
2021-07-01,21023.3,12609.6,712.6,3220.2,4230.0,1546.6,2677.0,18346.3,15821.9,1797.5
2021-08-01,21082.7,12667.9,721.9,3219.9,4230.8,1552.2,2686.8,18395.9,15802.4,1794.4
2021-09-01,20909.7,12766.4,733.8,3228.8,3957.9,1563.2,2715.8,18193.9,15580.2,1786.1
2021-10-01,21073.0,12930.9,738.8,3250.1,3938.7,1582.4,2768.8,18304.2,15584.9,1796.9
2021-11-01,21176.6,13050.4,741.1,3256.8,3923.8,1596.5,2808.8,18367.8,15543.5,1801.0
2021-12-01,21236.8,13151.7,739.0,3268.5,3914.7,1608.6,2840.6,18396.2,15483.6,1771.4
2022-01-01,21205.7,13174.5,739.2,3265.4,3869.5,1623.6,3125.7,18080.0,15137.7,1780.7
2022-02-01,21319.5,13269.4,743.3,3267.6,3866.5,1635.9,3147.0,18172.5,15125.6,1808.6
2022-03-01,21434.3,13335.3,752.1,3276.5,3870.2,1644.7,3163.7,18270.6,15064.1,1844.9
2022-04-01,21474.1,13362.9,759.9,3296.5,3875.3,1647.7,3177.6,18296.5,15055.2,1827.2
2022-05-01,21573.6,13413.8,775.8,3324.2,3877.8,1654.2,3189.2,18384.4,15036.4,1836.2
2022-06-01,21687.0,13468.8,792.0,3348.4,3896.4,1661.3,3198.5,18488.5,14973.1,1842.6
2022-07-01,21781.7,13573.8,792.9,3350.6,3891.7,1673.9,3216.6,18565.1,15049.1,1846.5
2022-08-01,21859.9,13623.0,794.9,3358.1,3893.9,1679.7,3227.9,18631.9,15062.9,1869.7
2022-09-01,21942.6,13699.4,797.0,3367.7,3892.9,1688.8,3243.1,18699.5,15065.7,1874.4
2022-10-01,22118.2,13754.3,802.7,3409.0,3976.9,1695.3,3245.9,18872.4,15147.8,1870.6
2022-11-01,22174.8,13798.9,807.9,3413.9,3985.6,1700.3,3241.8,18933.0,15181.5,1868.8
2022-12-01,22224.3,13834.9,814.1,3417.8,3986.6,1704.3,3242.2,18982.1,15213.0,1875.2
